Vendor ID,Manager Name,Contact Details
1,Leah Munoz,305-417-8677
2,Myah Oneill,703-417-8678
3,Sheldon Shepard,305-904-8679
4,Kiana Hendrix,409-417-8680
5,Kirsten Reese,305-417-8681
6,Skye Spence,703-417-8682
7,Nash Mayo,305-417-8683
8,Nathalia Pace,540-417-8684
9,Lance Hendrix,305-467-8685
10,Cesar Carney,305-417-8686
11,Janet Curry,305-417-8687
12,Julien Adkins,540-422-8688
13,Jessie Foster,305-417-8689
14,Derek Escobar,305-417-8690
15,Layla Lambert,305-437-8691
16,Enrique Parsons,305-417-8692
17,Alvaro Gay,305-417-8693
18,Taylor Gamble,305-412-8694
19,Aryanna Merritt,540-417-8695
20,Grayson Fernandez,305-413-8696
21,Jamal Burgess,305-455-8697
22,Krish Salazar,305-417-8698
23,Nadia Callahan,305-416-8699
24,Rosa Lawrence,540-415-8700
25,Fatima Meyer,405-417-8701
26,Aspen Silva,305-417-8702
27,Sammy Stein,305-410-8703
28,Agustin Woodard,305-417-8704
29,Jayda Bradley,405-411-8705
30,Jermaine Boyd,405-437-8706
31,Kolby Acosta,305-417-8707
32,Piper Walls,405-417-8708
33,Sean Shelton,305-417-8709
34,Mila Harmon,305-417-8710
35,Raphael Vance,305-417-8711
36,Briley Leonard,518-417-8712
37,Lesly Schaefer,305-417-8713
38,Lindsay Berry,518-417-8714
39,Zachariah Cohen,305-412-8715
40,Pamela Castaneda,305-466-8716
41,Kaiden Russell,305-456-8717
42,Warren Thornton,305-347-8718
43,Melanie Gibbs,518-417-8719
44,Akira Orozco,305-217-8720
45,Harmony Conrad,325-414-8721
46,Elyse Mccullough,305-417-8722
47,Chance Gay,395-417-8723
48,Mitchell Paul,305-417-8724
49,Aidyn Carney,305-418-8725
50,Raegan Rush,365-417-8726
51,Rocco Bernard,324-417-8727
52,Marcus Everett,305-417-8728
53,Bruce Dennis,325-417-8729
54,Kenya Cortez,305-478-8730
55,Emmett Curtis,305-417-8731
56,Amiah Allison,325-417-8732
57,Judah Rivas,305-347-8733
58,Sasha Kemp,305-417-8734
59,Lilian Gregory,355-416-8735
60,Zander Singh,305-223-8736
61,Cecilia Humphrey,305-417-8737
62,Azul Villegas,305-417-8738
63,Danica Hartman,225-447-8739
64,Jaylon Pearson,305-223-8740
65,Cash Rush,305-567-8741
66,Madilyn Rush,305-417-8742
67,Rhett Pugh,305-417-8743
68,Trace Allen,305-417-8744
69,Reagan Oneill,385-417-8745
70,Chance Montoya,325-417-8746
71,Anderson Stevens,305-417-8747
72,Melina Reese,305-417-8748
73,Gage Gallagher,305-417-8749
74,Evangeline Herrera,305-417-8750
75,Quintin Gray,385-417-8751
76,Shamar French,305-417-8752
77,Shyann Bautista,388-417-8753
78,Mekhi Keith,305-417-8754
79,Celeste Cervantes,785-417-8755
80,Jase Harper,305-417-8756
81,Quinten Yu,305-417-8757
82,Makenna Hull,305-417-8758
83,Monserrat Rubio,305-417-8759
84,Jakobe Coffey,305-417-8760
85,Tess Hart,305-417-8761
86,Emelia Warner,305-417-8762
87,Johan Kane,305-417-8763
88,Ryker Ballard,305-417-8764
89,Christina Dean,305-417-8765
90,Tania Blake,305-417-8766
91,Chelsea Keller,305-417-8767
92,Charlie Hutchinson,305-417-8768
93,Riya Jimenez,305-417-8769
94,Irene Shah,355-417-8770
95,Mattie May,305-417-8771
96,Kailee Elliott,355-417-8772
97,Brendan Larsen,305-417-8773
98,Braydon Wells,305-417-8774
99,Davon Holloway,305-417-8775
100,Danielle Vance,305-417-8776
101,Milton Wong,305-567-8777
102,Mario Spears,630-447-8778
103,Izabelle Perez,505-227-8779
104,Ralph Jackson,305-417-8780
105,Ayla Riggs,630-417-8781
106,Amaris Clark,305-417-8782
107,Ayla Morgan,305-417-8783
108,Eileen Sexton,305-417-8784
109,Cornelius Archer,305-417-8785
110,Gael Sheppard,513-417-8786
111,Karlie Guerra,305-417-8787
112,Catalina Sellers,305-417-8788
113,Gracie Weiss,630-417-8789
114,Rylee Sanchez,630-417-8790
115,Uriah Branch,305-417-8791
116,Camryn Webb,513-417-8792
117,Elisha Fisher,305-417-8793
118,August Beard,305-417-8794
119,June Hamilton,305-417-8795
120,Sonia Dickson,513-417-8796
121,Charlize Maddox,305-417-8797
122,Chace Jordan,662-317-8798
123,Tristin Pratt,305-677-8799
124,Emilio Cardenas,305-669-8800
125,Karma Livingston,305-422-8801
126,Reilly Barrera,305-489-8802
127,Savannah Blevins,513-490-8803
128,Amira Lutz,305-417-8804
129,Malik Barron,305-413-8805
130,Abbey Warren,662-417-8806
131,Jaime Villarreal,305-417-8807
132,Scarlet Erickson,305-414-8808
133,Rory Francis,305-417-8809
134,Kendall Klein,513-412-8810
