Vendor ID,Vendor Number,Vendor Name
1,380,PHILLIPS BEVERAGE
2,55,SAZERAC NORTH AMERICA
3,421,SAZERAC COMPANY  INC
4,85,BROWN FORMAN CORP.
5,260,DIAGEO AMERICAS
6,115,CONSTELLATION BRANDS INC
7,297,LAIRD & COMPANY
8,205,E & J GALLO WINERY
9,300,MCCORMICK DISTILLING CO.
10,65,JIM BEAM BRANDS
11,395,PROXIMO
12,434,LUXCO INC
13,259,HEAVEN HILL BRANDS
14,255,INFINIUM SPIRITS
15,971,HOOD RIVER DISTILLERS
16,322,PRESTIGE WINE & SPIRITS GROUP
17,130,DISARONNO INTERNATIONAL
18,240,WILLIAM GRANT & SONS INC
19,389,REMY COINTREAU USA INC
20,370,PERNOD RICARD USA
21,305,MHW LTD
22,35,BACARDI USA INC
23,301,FIFTH GENERATION INC
24,330,GEMINI SPIRITS
25,192,MAST-JAGERMEISTER US  INC
26,420,MOET HENNESSY USA
27,277,STOLI GROUP
28,521,JEM BEVERAGE COMPANY
29,229,DEHNER DISTILLERY
30,195,SWELL LIQUOR LLC
31,461,SKYY SPIRITS INC
32,402,OZ SPIRITS LLC
33,492,WESTERN SPIRITS BEVERAGE
34,410,PATRON SPIRITS COMPANY
35,978,W J DEUTSCH & SONS LTD
36,239,RUSSIAN STANDARD VODKA
37,207,PARADISE DISTILLING COMPANY
38,125,CEDAR RIDGE VINEYARDS LL
39,287,CHATHAM IMPORTS INC
40,266,EDRINGTON GROUP USA LLC
41,154,DUNKEL CORPORATION
42,285,CHARLES JACQUIN ET CIE
43,223,SPIRIT OF HARTFORD
44,306,MISSISSIPPI RIVER DISTIL
45,209,MINHAS MICRO DISTILLERY
46,384,PIEDMONT DISTILLERS INC
47,267,IMPERIAL BRANDS INC
48,112,AMERICAN VINTAGE BEVERAGE
49,116,BAD BEAR ENTERPRISES LLC
50,184,FOUR ROSES DISTILLERY
51,261,GRAND PRIX BEVERAGE LLC
52,368,PARK STREET IMPORTS
53,210,THREE RANGERS
54,513,CARIBBEAN DISTILLERS  LLC
55,548,SOUTHERN ITALY IMPORTS
56,208,PROST BEVERAGE COMPANY
57,,VODKA USA  INC
58,559,MID-OAK DISTILLERY  INC.
59,232,DRIFTLESS GLEN DISTILLERY
60,313,VISION WINE & SPIRIT LLC
61,394,BLACK ROCK SPIRITS
62,451,SERRALLES USA
63,325,LONELY OAK DISTILLERY
64,216,RUMCOQUI AND CO
65,552,RESTLESS SPIRITS DISTILLING COMPANY  LLC
66,308,MANGO BOTTLING
67,566,FOUNDRY DISTILLING COMPANY  LLC
68,346,OLE SMOKY DISTILLERY LLC
69,575,TWO SONS IMPORTS LLC
70,460,SHAW-ROSS INTERNATIONAL
71,121,COOPER SPIRITS INTERNATIONAL
72,273,HAWAII SEA SPIRITS LLC
73,91,CASTLE BRANDS
74,163,MARSALLE COMPANY
75,962,DUGGANS DISTILLERS
76,549,GREEN FROG DISTILLERY  LLC
77,578,S&B FARMSTEAD DISTILLERY
78,586,GRAY DUCK SPIRITS LLC
79,226,MADIKWE USA INC
80,469,TY KU LLC
81,525,CATS EYE DISTILLERY
82,363,PATERNO IMPORTS LTD
83,342,DV SPIRITS LLC
84,391,HOTALING & CO
85,110,3 BADGE CORPORATION
86,214,GOAMERICAGO BEVERAGES LLC
87,608,WILDERNESS TRAIL DISTILLERY
88,619,CAMPARI AMERICA
89,294,LEVECKE CORPORATION JJB
90,554,HERITAGE DISTILLING COMPANY
91,86,BROADBENT VENTURES LLC
92,163,STOLLER IMPORTS INC / MARSALLE COMPANY
93,626,RED BOOT DISTILLERY
94,578,S&B FARMS DISTILLERY
95,584,BLUFF CREEK DISTILLERY
96,626,JDSO INC / RED BOOT DISTILLERY
97,482,SOVEREIGN BRANDS  LLC
98,357,PALM BAY INTERNATIONAL
99,803,LEVECKE CORPORATION
100,481,SUGARLANDS DISTILLING COMPANY LLC
101,338,NICHE IMPORT CO
102,353,JOHN ERNEST DISTILLERY  INC.
103,214,GOAMERICAGO BEVERAGES LLC / WHISTLEPIG
104,154,DUNKEL CORPORATION / IOWA DISTILLING
105,469,DAVOS BRANDS LLC
106,886,GEORGETOWN TRADING CO. LLC
107,79,BRECKENRIDGE DISTILLERY
108,536,OLD ELK DISTILLERIES LLC
109,231,RS LIPMAN COMPANY LLC
110,204,HILLROCK ESTATE DISTILLERY
111,497,FREDRICK WILDMAN & SON
112,557,WORLDWIDE LIBATIONS  LLC
113,539,GARGOYLE ENTERPRISES / LAWS WHISKEY HOUSE
114,322,PRESTIGE WINE & SPIRITS GROUP / UNITED STATES DISTILLED PRODUCTS CO
115,645,ROCKY TOP INVESTMENTS / ROCK RIVER DISTILLATION
116,472,TEQUILAS PREMIUM  INC
117,654,REVELTON DISTILLING COMPANY
118,617,MIDWEST LIQUOR COMPANY
119,656,PUENTE INTERNATIONAL  INC.
120,493,J & D WINES INC / WOOLER BRANDS
121,479,VIN DIVINO LTD
122,659,BUCKTOWN DISTILLING CO.  LLC / ARTISAN GRAIN DISTILLERY
123,589,PREMIER DISTRIBUTORS LLC
124,698,SION FARM DISTILLERY / TWIN CITY ISLAND SPIRITS  INC
125,118,AMERICAN SPIRITS EXCHANGE
126,116,BAD BEAR ENTERPRISES LLC / LEGENDARY RYE
127,547,FETZER VINEYARDS
128,583,USA WINE WEST  LLC
129,705,VALHALLA IMPORTS  LLC
130,706,COWBOY COUNTRY DISTILLING  INC.
131,479,VIN DIVINO LTD / GONZALEZ BYASS USA
132,363,PATERNO IMPORTS LTD / TERLATO WINES INTERNATIONAL
133,642,JAMES JOSEPH SANCTIFIED SPIRITS  LLC / OAK&EDEN
134,268,IMPEX BEVERAGE INC
